2024 - 2025,Independence,Jerusalem
Outset Equinox,Tue Mar 19 22:07,Wed Mar 20 05:07
01 New Moon Time,Mon Apr 08 12:01,Mon Apr 08 20:01
01 New Moon Day,Tue Apr 09 06:50 - Wed Apr 10 06:48,Tue Apr 09 06:18 - Wed Apr 10 06:17
01-08 Sabbath,Tue Apr 16 06:39 - Wed Apr 17 06:38,Tue Apr 16 06:10 - Wed Apr 17 06:09
Passover,Mon Apr 22 06:31 - Tue Apr 23 06:30,Mon Apr 22 06:03 - Tue Apr 23 06:02
Unleavened,Tue Apr 23 06:30 - Tue Apr 30 06:21,Tue Apr 23 06:02 - Tue Apr 30 05:55
First Fruits,Wed Apr 24 06:28 - Thu Apr 25 06:27,Wed Apr 24 06:01 - Thu Apr 25 06:00
01-22 Sabbath,Tue Apr 30 06:21 - Wed May 01 06:20,Tue Apr 30 05:55 - Wed May 01 05:54
01-29 Sabbath,Tue May 07 06:13 - Wed May 08 06:12,Tue May 07 05:49 - Wed May 08 05:48
02 New Moon Time,Tue May 07 21:26,Wed May 08 05:26
02 New Moon Day,Wed May 08 06:12 - Thu May 09 06:11,Wed May 08 05:48 - Thu May 09 05:47
02-08 Sabbath,Wed May 15 06:05 - Thu May 16 06:04,Wed May 15 05:43 - Thu May 16 05:42
02-15 Sabbath,Wed May 22 06:00 - Thu May 23 05:59,Wed May 22 05:39 - Thu May 23 05:39
02-22 Sabbath,Wed May 29 05:56 - Thu May 30 05:55,Wed May 29 05:36 - Thu May 30 05:36
02-29 Sabbath,Wed Jun 05 05:53 - Thu Jun 06 05:53,Wed Jun 05 05:34 - Thu Jun 06 05:34
02 Transition Day,,Thu Jun 06 05:34 - Fri Jun 07 05:34
03 New Moon Time,Thu Jun 06 05:49,Thu Jun 06 13:49
03 New Moon Day,Thu Jun 06 05:53 - Fri Jun 07 05:53,Fri Jun 07 05:34 - Sat Jun 08 05:34
03-08 Sabbath,Thu Jun 13 05:52 - Fri Jun 14 05:52,Fri Jun 14 05:34 - Sat Jun 15 05:34
03-15 Sabbath,Thu Jun 20 05:53 - Fri Jun 21 05:53,Fri Jun 21 05:35 - Sat Jun 22 05:35
03-22 Sabbath,Thu Jun 27 05:55 - Fri Jun 28 05:55,Fri Jun 28 05:37 - Sat Jun 29 05:37
03-29 Sabbath,Thu Jul 04 05:58 - Fri Jul 05 05:58,Fri Jul 05 05:40 - Sat Jul 06 05:40
03 Transition Day,Fri Jul 05 05:58 - Sat Jul 06 05:59,
04 New Moon Time,Fri Jul 05 14:21,Fri Jul 05 22:21
04 New Moon Day,Sat Jul 06 05:59 - Sun Jul 07 06:00,Sat Jul 06 05:40 - Sun Jul 07 05:41
04-08 Sabbath,Sat Jul 13 06:04 - Sun Jul 14 06:04,Sat Jul 13 05:44 - Sun Jul 14 05:44
04-15 Sabbath,Sat Jul 20 06:09 - Sun Jul 21 06:10,Sat Jul 20 05:48 - Sun Jul 21 05:48
04-22 Sabbath,Sat Jul 27 06:15 - Sun Jul 28 06:16,Sat Jul 27 05:52 - Sun Jul 28 05:53
Pentecost,Fri Aug 02 06:20 - Sun Aug 04 06:22,Sat Aug 03 05:57 - Mon Aug 05 05:58
05 New Moon Time,Sun Aug 04 01:29,Sun Aug 04 09:29
05 New Moon Day,Sun Aug 04 06:22 - Mon Aug 05 06:23,Mon Aug 05 05:58 - Tue Aug 06 05:59
05-08 Sabbath,Sun Aug 11 06:28 - Mon Aug 12 06:29,Mon Aug 12 06:03 - Tue Aug 13 06:04
05-15 Sabbath,Sun Aug 18 06:35 - Mon Aug 19 06:36,Mon Aug 19 06:07 - Tue Aug 20 06:08
05-22 Sabbath,Sun Aug 25 06:41 - Mon Aug 26 06:42,Mon Aug 26 06:12 - Tue Aug 27 06:13
05-29 Sabbath,Sun Sep 01 06:48 - Mon Sep 02 06:49,Mon Sep 02 06:16 - Tue Sep 03 06:17
05 Transition Day,Mon Sep 02 06:49 - Tue Sep 03 06:50,
06 New Moon Time,Mon Sep 02 17:36,Tue Sep 03 01:36
06 New Moon Day,Tue Sep 03 06:50 - Wed Sep 04 06:50,Tue Sep 03 06:17 - Wed Sep 04 06:17
06-08 Sabbath,Tue Sep 10 06:56 - Wed Sep 11 06:57,Tue Sep 10 06:21 - Wed Sep 11 06:22
06-15 Sabbath,Tue Sep 17 07:02 - Wed Sep 18 07:03,Tue Sep 17 06:25 - Wed Sep 18 06:26
06-22 Sabbath,Tue Sep 24 07:08 - Wed Sep 25 07:09,Tue Sep 24 06:29 - Wed Sep 25 06:30
06-29 Sabbath,Tue Oct 01 07:15 - Wed Oct 02 07:16,Tue Oct 01 06:34 - Wed Oct 02 06:34
06 Transition Day,Wed Oct 02 07:16 - Thu Oct 03 07:17,Wed Oct 02 06:34 - Thu Oct 03 06:35
07 New Moon Time,Wed Oct 02 14:26,Wed Oct 02 22:26
Trumpets,Thu Oct 03 07:17 - Fri Oct 04 07:18,Thu Oct 03 06:35 - Fri Oct 04 06:36
07-08 Sabbath,Thu Oct 10 07:23 - Fri Oct 11 07:24,Thu Oct 10 06:40 - Fri Oct 11 06:40
Atonement,Fri Oct 11 18:46 - Sat Oct 12 18:44,Fri Oct 11 18:13 - Sat Oct 12 18:11
Tabernacles,Thu Oct 17 07:30 - Thu Oct 24 07:38,Thu Oct 17 06:44 - Thu Oct 24 06:50
07-22 Sabbath,Thu Oct 24 07:38 - Fri Oct 25 07:39,Thu Oct 24 06:50 - Fri Oct 25 06:50
07-29 Sabbath,Thu Oct 31 07:45 - Fri Nov 01 07:46,Thu Oct 31 05:55 - Fri Nov 01 05:56
07 Transition Day,Fri Nov 01 07:46 - Sat Nov 02 07:48,Fri Nov 01 05:56 - Sat Nov 02 05:57
08 New Moon Time,Fri Nov 01 11:42,Fri Nov 01 18:42
08 New Moon Day,Sat Nov 02 07:48 - Sun Nov 03 06:49,Sat Nov 02 05:57 - Sun Nov 03 05:58
08-08 Sabbath,Sat Nov 09 06:55 - Sun Nov 10 06:57,Sat Nov 09 06:03 - Sun Nov 10 06:04
08-15 Sabbath,Sat Nov 16 07:03 - Sun Nov 17 07:04,Sat Nov 16 06:09 - Sun Nov 17 06:10
08-22 Sabbath,Sat Nov 23 07:11 - Sun Nov 24 07:12,Sat Nov 23 06:15 - Sun Nov 24 06:16
08-29 Sabbath,Sat Nov 30 07:18 - Sun Dec 01 07:19,Sat Nov 30 06:21 - Sun Dec 01 06:22
08 Transition Day,,Sun Dec 01 06:22 - Mon Dec 02 06:23
09 New Moon Time,Sun Dec 01 04:25,Sun Dec 01 12:25
09 New Moon Day,Sun Dec 01 07:19 - Mon Dec 02 07:20,Mon Dec 02 06:23 - Tue Dec 03 06:24
09-08 Sabbath,Sun Dec 08 07:26 - Mon Dec 09 07:26,Mon Dec 09 06:29 - Tue Dec 10 06:29
09-15 Sabbath,Sun Dec 15 07:31 - Mon Dec 16 07:32,Mon Dec 16 06:33 - Tue Dec 17 06:34
09-22 Sabbath,Sun Dec 22 07:35 - Mon Dec 23 07:35,Mon Dec 23 06:37 - Tue Dec 24 06:37
Hanukkah,Wed Dec 25 07:36 - Thu Jan 02 07:38,Thu Dec 26 06:38 - Fri Jan 03 06:40
09-29 Sabbath,Sun Dec 29 07:37 - Mon Dec 30 07:37,Mon Dec 30 06:39 - Tue Dec 31 06:40
09 Transition Day,Mon Dec 30 07:37 - Tue Dec 31 07:37,
10 New Moon Time,Mon Dec 30 18:34,Tue Dec 31 02:34
10 New Moon Day,Tue Dec 31 07:37 - Wed Jan 01 07:38,Tue Dec 31 06:40 - Wed Jan 01 06:40
10-08 Sabbath,Tue Jan 07 07:38 - Wed Jan 08 07:38,Tue Jan 07 06:41 - Wed Jan 08 06:41
10-15 Sabbath,Tue Jan 14 07:36 - Wed Jan 15 07:36,Tue Jan 14 06:40 - Wed Jan 15 06:40
10-22 Sabbath,Tue Jan 21 07:33 - Wed Jan 22 07:32,Tue Jan 21 06:39 - Wed Jan 22 06:38
10-29 Sabbath,Tue Jan 28 07:28 - Wed Jan 29 07:27,Tue Jan 28 06:35 - Wed Jan 29 06:35
10 Transition Day,,Wed Jan 29 06:35 - Thu Jan 30 06:34
11 New Moon Time,Wed Jan 29 07:09,Wed Jan 29 15:09
11 New Moon Day,Wed Jan 29 07:27 - Thu Jan 30 07:27,Thu Jan 30 06:34 - Fri Jan 31 06:34
11-08 Sabbath,Wed Feb 05 07:21 - Thu Feb 06 07:20,Thu Feb 06 06:30 - Fri Feb 07 06:29
11-15 Sabbath,Wed Feb 12 07:14 - Thu Feb 13 07:12,Thu Feb 13 06:24 - Fri Feb 14 06:23
11-22 Sabbath,Wed Feb 19 07:05 - Thu Feb 20 07:04,Thu Feb 20 06:17 - Fri Feb 21 06:16
11-29 Sabbath,Wed Feb 26 06:55 - Thu Feb 27 06:54,Thu Feb 27 06:10 - Fri Feb 28 06:09
11 Transition Day,Thu Feb 27 06:54 - Fri Feb 28 06:52,
12 New Moon Time,Thu Feb 27 19:15,Fri Feb 28 03:15
12 New Moon Day,Fri Feb 28 06:52 - Sat Mar 01 06:51,Fri Feb 28 06:09 - Sat Mar 01 06:07
12-08 Sabbath,Fri Mar 07 06:42 - Sat Mar 08 06:40,Fri Mar 07 06:00 - Sat Mar 08 05:59
12-15 Sabbath,Fri Mar 14 07:31 - Sat Mar 15 07:30,Fri Mar 14 05:52 - Sat Mar 15 05:50
12-22 Sabbath,Fri Mar 21 07:20 - Sat Mar 22 07:18,Fri Mar 21 05:43 - Sat Mar 22 05:41
12-29 Sabbath,Fri Mar 28 07:09 - Sat Mar 29 07:07,Fri Mar 28 06:33 - Sat Mar 29 06:32
12 Transition Day,Sat Mar 29 07:07 - Sun Mar 30 07:06,Sat Mar 29 06:32 - Sun Mar 30 06:31
Ending Equinox,Thu Mar 20 04:02,Thu Mar 20 11:02
Ending Moon,Sat Mar 29 07:14,Sat Mar 29 15:14
Moons,12,12
Days,355,355
